,Honesty-Humility,Emotionality,Extraversion,Agreeableness,Conscientiousness,Openness
Honesty-Humility,1.0,-0.10975564695616928,-0.017352856102986366,0.10754952851177509,-0.13730504261077747,-0.13213793439982083
Emotionality,-0.10975564695616928,1.0,-0.1026623183733793,-0.2403505034859414,0.08638232253123268,-0.04316399100704907
Extraversion,-0.017352856102986366,-0.1026623183733793,1.0,0.12504832614470715,0.06347655205903485,0.07551544091591855
Agreeableness,0.10754952851177509,-0.2403505034859414,0.12504832614470715,1.0,-0.19201423311334576,0.13010443959075552
Conscientiousness,-0.13730504261077747,0.08638232253123268,0.06347655205903485,-0.19201423311334576,1.0,0.09459106561949417
Openness,-0.13213793439982083,-0.04316399100704907,0.07551544091591855,0.13010443959075552,0.09459106561949417,1.0
