,Honesty-Humility,Emotionality,Extraversion,Agreeableness,Conscientiousness,Openness
Honesty-Humility,0.49379074138201456,0.18059638292834515,-0.21722351542208151,0.0860066745244126,0.08430269606505343,-0.08886475517869694
Emotionality,-0.05663917735434298,0.5230839689780776,-0.1759665556659894,-0.16371131384084678,-0.053784667097175824,-0.02822684656284172
Extraversion,-0.00459549285875165,-0.1411197807807408,0.71945844934399,0.19096903370781615,0.12134115123596581,0.08446284918917929
Agreeableness,0.16298198822703774,-0.34467292604153055,0.15340395929011583,0.6643291263476574,-0.0387920708858917,0.08286773830909452
Conscientiousness,0.00697578501822839,0.013749847679579883,0.04839607050871055,-0.11775308837051371,0.5196032846984037,0.07857728871628769
Openness,0.06307685907906758,-0.179139099803965,0.16321056442306012,0.04784510379485255,0.16558641754647974,0.8093657312549091
