,Honesty-Humility,Emotionality,Extraversion,Agreeableness,Conscientiousness,Openness
Honesty-Humility,2.41485e-26,0.000254373,1.00414e-05,0.0834782,0.0898033,0.0736801
Emotionality,0.254852,6.80142e-30,0.000367294,0.000930012,0.27962,0.570636
Extraversion,0.92645,0.00438585,6.09589e-66,0.000108059,0.0144265,0.0891929
Agreeableness,0.000980947,9.09022e-13,0.00193624,5.00765e-53,0.435672,0.0954231
Conscientiousness,0.88856,0.782386,0.330694,0.0176153,1.87359e-29,0.113912
Openness,0.204688,0.000285833,0.000964713,0.336235,0.000810053,2.04501e-95
