gender,CFI,RMSEA,Chi2,error
男性,0.4141768147691762,0.11882452478653245,608.4355751404357,'pval'
女性,0.4212698601337579,0.11709161473573639,1159.82271561764,'pval'
