,Honesty-Humility,Emotionality,Extraversion,Agreeableness,Conscientiousness,Openness
Honesty-Humility,0.0,0.027009453354582682,0.7273906983292713,0.03026006631987913,0.005584557251903234,0.007676056147843911
Emotionality,0.027009453354582682,0.0,0.03867044237630101,9.583241064677947e-07,0.08213333415000533,0.38569378517812614
Extraversion,0.7273906983292713,0.03867044237630101,0.0,0.011675901180626894,0.2018278957469335,0.1287442906830947
Agreeableness,0.03026006631987913,9.583241064677947e-07,0.011675901180626894,0.0,9.887410782629465e-05,0.008674735015807674
Conscientiousness,0.005584557251903234,0.08213333415000533,0.20182789574693355,9.887410782629465e-05,0.0,0.05686428196823671
Openness,0.007676056147843911,0.38569378517812614,0.12874429068309462,0.008674735015807672,0.05686428196823671,0.0
