,Honesty-Humility,Emotionality,Extraversion,Agreeableness,Conscientiousness,Openness
Honesty-Humility,1.0,0.04179606006128368,-0.23125015412252392,0.17790954650155924,0.18352470383277758,0.05772542422434563
Emotionality,0.04179606006128368,1.0,-0.2009827828220919,0.10434122894435362,0.10850450944393931,0.023965598826864824
Extraversion,-0.23125015412252392,-0.2009827828220919,1.0,0.04065907402437467,-0.04400525650846669,0.08579985119037666
Agreeableness,0.17790954650155924,0.10434122894435362,0.04065907402437467,1.0,-0.05454050324122999,0.07220622370331876
Conscientiousness,0.18352470383277758,0.10850450944393931,-0.04400525650846669,-0.05454050324122999,1.0,0.17501249153898696
Openness,0.05772542422434563,0.023965598826864824,0.08579985119037666,0.07220622370331876,0.17501249153898696,1.0
