,PC1,PC2,PC3
Conscientiousness,0.6733376698848855,0.011437675399543969,-0.3132720146822985
Agreeableness,0.671516850694553,0.02974548734818865,-0.47305328236761096
Neuroticism,-0.5446981192877518,0.6335095518812824,-0.09934621937904785
Openness,0.4337521311715177,0.7816343317601671,0.14051991357743612
Extraversion,0.5531813415219553,-0.03911937695974624,0.7475606223709966
