,Openness,Conscientiousness,Extraversion,Agreeableness,Neuroticism
Openness,1.0,0.14534225206546383,0.15165625083675985,0.1716432697048984,0.004825615238208473
Conscientiousness,0.14534225206546383,1.0,0.17580778809536468,0.2940599886894968,-0.18218668239484037
Extraversion,0.15165625083675985,0.17580778809536468,1.0,0.12547945529371815,-0.19648925211792448
Agreeableness,0.1716432697048984,0.2940599886894968,0.12547945529371815,1.0,-0.20910313141134293
Neuroticism,0.004825615238208473,-0.18218668239484037,-0.19648925211792448,-0.20910313141134293,1.0
