,Openness,Conscientiousness,Extraversion,Agreeableness,Neuroticism
Openness,0.0,0.0009399600367614201,0.0005538564594098467,9.046743821717422e-05,0.9130080315294761
Conscientiousness,0.0009399600367614201,0.0,6.03843019588665e-05,9.885204283323443e-12,3.192425196140555e-05
Extraversion,0.0005538564594098467,6.03843019588665e-05,0.0,0.0043452958167593736,7.05312544041343e-06
Agreeableness,9.046743821717422e-05,9.885204283323443e-12,0.0043452958167593736,0.0,1.6946903360355796e-06
Neuroticism,0.9130080315294761,3.192425196140555e-05,7.05312544041343e-06,1.6946903360355796e-06,0.0
