,Honesty-Humility,Emotionality,Extraversion,Agreeableness,Conscientiousness,Openness
Honesty-Humility,1.0,0.04319689195851897,-0.2407357803617223,0.1923249954227729,0.1833484645566013,0.05752814072927546
Emotionality,0.04319689195851897,1.0,-0.20985720645809,0.09787909028355335,0.10786887083628997,0.04128790485417571
Extraversion,-0.2407357803617223,-0.20985720645809,1.0,0.0383601751342555,-0.04608434598400994,0.08184905175169557
Agreeableness,0.1923249954227729,0.09787909028355335,0.0383601751342555,1.0,-0.0641855351551722,0.08059555011489491
Conscientiousness,0.1833484645566013,0.10786887083628997,-0.04608434598400994,-0.0641855351551722,1.0,0.17649885146050498
Openness,0.05752814072927546,0.04128790485417571,0.08184905175169557,0.08059555011489491,0.17649885146050498,1.0
