,Honesty-Humility,Emotionality,Extraversion,Agreeableness,Conscientiousness,Openness
Honesty-Humility,0.0,4.3708317971086423e-07,1.9394441097192007e-179,5.0334454337215636e-114,1.2474172481919768e-103,1.689803192908397e-11
Emotionality,4.3708317971086423e-07,0.0,7.17736474606526e-136,1.875946162015735e-30,1.1662211829675549e-36,1.3749938479192687e-06
Extraversion,1.9394441097192007e-179,7.17736474606526e-136,0.0,7.259405039803884e-06,7.041770911517159e-08,9.317782614969272e-22
Agreeableness,5.0334454337215636e-114,1.875946162015735e-30,7.259405039803884e-06,0.0,5.867553057477931e-14,3.838398204942417e-21
Conscientiousness,1.2474172481919758e-103,1.1662211829675549e-36,7.041770911517159e-08,5.867553057477931e-14,0.0,4.695690534795359e-96
Openness,1.689803192908397e-11,1.3749938479192687e-06,9.317782614969272e-22,3.838398204942417e-21,4.695690534795359e-96,0.0
